test_id,query_id,pre1_ns,pre2_ns,pre3_ns,pre1_fix_ns,post1_ipc_ns,post2_ipc_ns,post3_ipc_ns,post4_ipc_ns,post1_tcp_ns,post2_tcp_ns,post3_tcp_ns,request_counter
1505,1,76767615,81259861,77345403,77003185,264600033,248194915,256571138,234765564,269069776,74606584,73044323,15
1506,1,86525475,82747919,82026655,88543648,294806245,260008985,256015288,245533556,98272362,90651217,86685763,227
1506,2,50672797,49527977,50646262,55950307,56183089,42342244,59123337,60312214,57798890,44294669,41381992,164
1506,3,43247410,40201551,40933435,44655803,54030505,53910718,56011750,61225852,61173233,62610966,54190385,899
1506,4,29999525,29096176,28445754,29843372,16221114,17205114,16713525,16830690,17649877,18367385,15312986,60
1506,5,46303616,45800804,44322879,54601161,35095329,37795903,36425044,38254192,36598685,39779414,35866005,144
1506,6,34170118,30882684,31264661,31298848,21082531,22266275,21731777,22722569,20856005,23204928,20424947,159
1506,7,47795503,41142823,40275883,40712519,39397203,38683583,38788704,43065026,39523193,43501732,38463324,304
1508,1,69842319,70742955,71227731,72565745,205197392,221058352,205897226,191941556,63039257,73473910,70809927,31
1508,2,45158993,51607561,44485730,47111375,46620534,52056290,50504789,54811244,33790293,38106920,32244351,30
1508,3,33311555,29345666,27485431,29880171,29536847,33047187,33418527,31476508,14681796,15103510,15402857,30
1509,1,82048515,77720826,77605960,80713911,225575168,263727616,238958255,281393884,71438339,74120039,77781281,15
1509,2,55301157,52477453,50922324,57119789,54254913,60080797,55771388,55712754,41587457,42622757,43507433,30
1509,3,37675669,35558854,35781828,37103122,36067518,25391676,38215819,40789269,22855486,23225631,22160645,24
1509,4,37253043,37802649,34488044,37587800,43410209,38855388,48769867,36464950,31485654,32579775,33292162,347
1510,1,114815014,116696224,113961516,117972552,283392117,280260162,263117017,286790546,113503997,118290749,119013567,191
1510,2,52048678,52866911,51802312,52709743,59273375,59181481,61716684,60943106,44489012,45244688,43512166,166
1510,3,30853103,30976914,29433727,30685321,24983820,40207095,25720923,25190750,25212332,24968416,24517080,286
1511,1,69240686,69974101,71136616,70061686,199325313,195588902,188194138,249922525,61823314,67524890,63237340,21
1511,2,61404523,61327863,63414084,65755305,62220124,64961810,68103596,92740498,48522297,49324446,47807584,20
1513,1,80829324,80838301,79446050,83244795,202694845,233392844,218210404,257467063,75877790,78321363,78128029,25
1513,2,43835662,43274128,44818595,44331640,32536613,33192811,30317207,31211649,31171501,31435890,31428144,24
1516,1,71557719,71961121,70368418,75167863,266260197,276659063,215486734,235068482,67414666,69028398,69345999,99
1516,2,62525864,64534023,64225931,67814849,53206849,52617748,55152155,63286957,54900085,54862251,55537583,97
1517,1,82017753,82741482,82132366,82078812,229722067,221225333,239379137,201287744,79424328,77352508,83841496,52
1523,1,379842113,375423024,374442613,389976038,575872589,592387770,583603734,556878850,414432426,380440983,375825058,213
1523,2,67321388,67581830,67247283,70288519,63407965,61096980,59680947,64387278,62244239,60700041,61694195,239
1523,3,28099405,29185808,29315942,29996513,20564346,19562419,20470778,23022518,23197428,20949141,21993360,236
1527,1,160358054,158445310,158143519,167740958,393635830,469609289,411988822,491773843,288925427,266170363,268602885,3691
1719,1,392954305,397534131,399273189,401406074,586601987,529341440,542438229,575379700,409925991,399972692,399501440,13
1719,2,27878857,25483199,26597295,25927357,27222868,27947105,27863061,27481633,13488888,12622224,13186921,1
1719,3,32863867,34043259,32118096,31692261,23494049,20809565,21431208,22484322,22790184,20837017,20648120,21
1719,4,52313414,53168490,50350656,50816832,42962199,47297572,42028239,41291687,45299503,45811846,45032033,129
1719,5,23434976,25473504,22509014,22438075,10651353,11376011,9653031,9864834,10359719,9600417,10228726,1
1719,6,37103363,37566171,37700494,37094634,37635490,42093457,41964906,39837143,41570013,39302042,39800964,497
1719,7,25070238,24143938,23521583,23854236,11535626,14783469,12849203,11764979,12508759,11592704,12427540,31
1719,8,23299223,22433142,21804033,22275419,9177371,10503264,9997282,9464362,9633081,8783736,8889525,1
1719,9,23448124,23095507,21841794,22107848,9398282,9551196,10300865,9276462,10619452,9183236,10620627,12
1719,10,31934386,31855364,31037499,31290617,19773738,20974190,20799732,19937160,20192124,18504600,19619828,22
1719,11,26247105,27098390,25386812,25685770,13326033,13233684,14469587,13217866,14890883,12368345,14603992,19
1719,12,32480398,33496750,32575848,31969230,29097346,25631858,27661979,24818118,28731051,25292532,26278620,233
1719,13,60370845,60269681,59741874,59463867,49067096,50664234,51522335,50515459,53154718,48401802,53993182,92
1719,14,22754428,23690582,22132638,22623321,8828094,9524954,9707075,9046972,10822356,9546405,9541251,1
1719,15,28478409,29169570,27986373,27848777,21468510,19743808,21988105,20651076,25246875,21293202,21238930,189
1719,16,22947852,23121231,21673106,22056077,8700607,8887565,8130442,8600378,10293866,8869388,9003727,1
1719,17,22350179,22636375,21572462,22436542,8432309,9760154,8236198,8393198,8760482,9291454,8508929,1
1719,18,41014483,42202256,39989276,43034047,37743794,41151923,35511590,42473527,44518337,38055957,39094123,289
1719,19,30597296,30261264,29226145,31016726,29581955,30674375,29153462,32286535,33479492,29890826,30141050,436
1719,20,25334025,27294145,24215892,25591014,17604589,17978429,16402534,18033751,19513302,18461220,18037666,192
1719,21,29712894,31462600,28132417,28672451,18889317,19449836,19188119,19059063,19697678,18903841,20467852,89
1813,1,61699305,59049764,59301145,58565258,244870169,217138531,206612857,187403154,54246227,54106362,54934156,2
1813,2,23712119,22379307,23347477,22317970,9984822,9614086,9147227,9690042,10415800,8864917,9443623,1
1813,3,22390119,21371990,20905368,21047022,8705247,8160833,8135110,8195877,8768422,7922681,8288848,1
1813,4,69424070,66780360,66120879,66936982,53676365,55787608,53787774,57271369,56595907,54488553,53316454,1
1813,5,318858589,316147137,314645621,304431932,518712641,529005986,510005182,510434510,521638487,516137070,492437329,9245
1813,6,23923197,21139180,20672776,20589025,7455657,7596633,7835993,8489934,9015452,7418074,7537118,1
1813,7,26529869,21374992,20806221,20720448,7680163,7683139,7738969,9041779,8058470,7602657,7618638,1
1813,8,26363650,21434762,20828233,20669449,7910443,8001692,8151174,9911110,8109890,7691483,7850646,1
1813,9,24733753,21230605,20650862,20544298,7684464,8004761,8174848,8825614,7962169,7692572,7792469,1
1814,1,58685492,59824107,58430624,58430268,196139465,180688198,249035176,175758140,51251800,53136767,53561265,2
1814,2,21650166,21755351,21476179,21672747,9386646,8484106,8161155,9531780,7838539,7994401,8127804,1
1814,3,21625207,21027017,20699124,20929416,7677141,7748600,7582969,8774700,7519473,7572479,7676817,1
1814,4,21521143,20901523,20578994,20953105,7699532,7631105,7717374,8133267,7525949,7657136,7579127,1
1814,5,21218726,20866339,20533308,20932202,7888805,7472793,7830742,7848374,7179627,7446877,7592503,1
1814,6,21210959,20883193,20495604,20912741,7475097,7586517,7982252,8260551,7193732,7510875,7773720,1
1814,7,22027680,21328875,20976513,21673574,8612801,8267898,8574959,8412785,7797878,8090235,8275652,1
1814,8,21459643,20794637,20624098,21147779,7636244,7699359,7569111,8099639,7214417,7593272,7601507,1
1814,9,22604388,20775179,20486572,20913835,7543649,7534555,7735814,7550830,7386470,7438400,7537016,1
1814,10,26786618,24988664,24465600,25081115,12042893,11597090,12385413,11876004,11193720,11414980,11252855,1
1814,11,24490065,23635698,22968807,23615672,10807604,10497721,11065634,10343801,9821337,9987711,9938491,1
1814,12,24028790,23088052,22444549,22877710,9604745,9727959,9877403,9408871,9104985,9451425,9659619,1
1814,13,24472804,22980599,22899005,23223470,9839842,9778279,10127578,10036482,9293905,9599897,10030649,1
1814,14,25182336,23148357,22619654,23856488,10139704,10007730,10404046,10180447,9284748,9539443,9404527,1
1814,15,24228119,22948692,22525390,23418418,10655728,9717102,10051738,9637276,9481246,9759046,9518294,1
1814,16,28704184,27809314,27230370,27702243,13966575,14289817,14598646,14722385,14179575,14213531,14666996,1
1814,17,23731616,23320433,22655911,23174296,10307199,10003189,10962005,10783997,9738560,10008076,9753886,1
1814,18,23320501,23059182,22483229,22920296,10361825,9883185,9999030,9605269,9413247,9568020,9938754,1
1814,19,23840954,22976810,22732991,22768890,10427435,9882904,9955601,10047667,9319240,9551475,9974383,1
1814,20,24508876,22999636,22600474,22971788,9937528,9619476,10173193,10206616,9721807,9661562,9527177,1
1814,21,23873665,23103669,22621282,22847006,9969077,9872246,9798592,10805200,9291802,9617335,9884882,1
1814,22,24251434,22969954,22413506,22781208,9786812,9913260,9890331,11126429,9163423,9551565,9713639,1
1814,23,23343178,23059455,22544196,22913977,10342550,9858304,10328462,10604873,9310510,9699119,9519542,1
1814,24,23743339,22844104,22361785,22874554,10088929,9896262,9855144,10024712,9270092,9575018,9559899,1
1814,25,23829212,22784088,22297276,22776594,10045569,9439740,10008609,10421165,9344452,9730336,9965784,1
1814,26,28902181,27594627,26950840,27663379,14564125,14201250,14650919,15066979,13953494,14194006,14393650,1
1814,27,23886123,23197558,22678829,23101232,9983342,9747757,9899997,10324758,9560297,10009371,9774239,1
1814,28,27565982,23013852,22492997,22963964,9951579,9491344,9757648,10321961,9369687,9796630,9705205,1
1814,29,29336437,22719547,22317170,22728323,9936358,9354222,9616986,10414609,9388296,9524457,9495608,1
1814,30,36034937,22896300,22380300,24430899,10367014,9419962,10081568,9911032,9215732,9652294,9992419,1
1814,31,28777893,22802909,22317725,22621825,9846373,9472507,9830327,10068010,9395035,9415666,9403236,1
1814,32,24944531,22854280,22420479,22485936,9889684,9508251,10141876,10517541,9257602,9537408,9554615,1
1814,33,24178333,22707910,22365604,22481359,10083284,9338286,10024440,9948909,9340461,9662537,9329594,1
1814,34,24094107,22787295,22442095,22410908,10289875,9315793,9664533,9952584,9287727,9581251,9511004,1
1814,35,23214565,22944887,22526012,23092737,10430750,9197865,10198672,10524216,9326508,9633702,9593397,1
1814,36,27818511,22845672,22571276,23022618,10430356,9078606,9405332,10061727,9551290,9409869,9349387,1
1814,37,26610498,22838715,22468014,22903470,10063394,9377672,10136966,10073538,9372934,9558644,9866051,1
1814,38,24226512,24202968,22521834,22622211,10518654,9470263,10474370,10085028,9138239,9819304,9765461,1
1814,39,23818830,23388439,22295315,22455025,10512713,8977494,9850461,10359955,8950632,9707201,9983557,1
1814,40,23588031,22251116,22405744,22910144,10347260,9366800,9398953,10686478,8967400,9589898,10350575,1
1814,41,23729757,22420324,22345624,22494465,9640214,9088787,9397740,10044811,9112535,9559691,9685127,1
1814,42,24686715,22756953,23049011,22469298,10545386,9089329,9421321,10940894,9175203,9500207,9987720,1
1814,43,24297340,23001061,23367200,22505606,9920835,9397621,9602308,11285844,9255492,9677883,9657979,1
1814,44,24173136,22617294,22742259,22304817,10821084,9294075,9464045,10246589,9100922,9721925,9988608,1
1814,45,23456438,22462543,22571495,22393402,10285156,9923437,9865355,9945683,9119782,9566076,9519819,1
1814,46,23592690,22453193,22528660,22390235,9876509,9327476,9749812,11242315,9103897,9713003,10178882,1
1814,47,25042497,24109140,24057629,24060239,11375758,11664375,11066823,12938326,10906062,11149928,11630077,1
1814,48,23445593,22396929,22252556,22122437,9690214,9227746,9525517,10369377,8941310,9456428,9403705,1
1814,49,23332390,22269440,22216096,22233005,10160598,9060715,9457753,10837771,8855583,9374779,9168249,1
1814,50,24255236,22276763,22303032,22176902,9858852,8849571,9394722,10548023,8870410,9308502,9456594,1
1814,51,26664293,22360796,22455570,22188941,10425273,9019081,9620416,10273700,8946840,9413143,9263402,1
1814,52,27774922,22496103,22261437,22359431,9886700,9059849,9467610,10198394,8991482,9359174,9672210,1
1814,53,27248253,22524292,22283823,22430943,10302699,8952869,9445304,10298341,8976366,9308194,9453618,1
1814,54,27792168,22387403,22348270,22154917,9505531,9008449,9366220,9884273,8870708,9457411,9548209,1
1814,55,25612302,22373519,22242978,22345817,9734045,9114555,9239160,9583786,8907961,9342480,9273678,1
1814,56,26093348,22386764,22312931,22156311,9945548,9060764,9212158,9647517,8839641,9507298,9177417,1
1814,57,24854574,22285487,22337302,22758984,9442862,9106516,9241562,10305495,8979487,9399206,9340929,1
1814,58,26096599,22286886,22401100,22866471,10072376,9128166,9178568,9454502,9005224,9375601,9360033,1
1814,59,24723423,22475948,22255300,22648352,9946196,8982545,9277887,9611028,8882188,9387478,9324548,1
1815,1,178571299,171891712,170811014,168001643,307072074,327476374,299365715,334956557,169534975,170794925,167573338,2
1815,2,74055742,72312547,72302593,71615862,58233891,59012127,58342996,61368717,60003564,60158965,58149141,1
1815,3,22877788,22515232,22472955,22580846,9578896,9170210,9075188,10883048,9894644,9253136,8973562,1
1815,4,48525631,46757807,46746340,46761241,33033698,33815614,33653297,35041987,34029168,33858261,33019028,1
1815,5,84466967,78076034,80140257,80060044,73964027,74495430,72821405,81027786,71433730,72460121,69652705,57
1815,6,22441512,20879588,20683990,20893372,7898155,7297471,7698168,8231574,7428091,7540392,7246556,1
1815,7,21893143,20946941,20914145,21186060,7699237,7609303,7627623,8693509,7492953,7525159,7427381,1
1815,8,55895478,45275091,44556858,53419926,36500748,35344416,35435853,39328391,36699772,35787279,35944791,1
1815,9,20728830,20568437,20266250,20223456,6994959,7148517,6905566,8282964,6681538,7091022,6956571,1
1815,10,20545220,20123972,20071852,20304358,6860914,6787954,6895126,7387104,6657037,6870402,6712082,1
1815,11,21211547,20765259,20383424,20458760,6951641,7008883,6900741,8268643,6641762,7126286,6899059,1
1815,12,34261899,33010165,32770111,33261146,18833023,19251213,18835820,20547141,18824148,19362116,18930798,1
1815,13,26043066,24309055,24465800,24590756,14308187,13572163,12976625,13994175,11969368,13198330,12084805,29
1815,14,20635516,20112866,20040053,20370928,6913240,6858560,7105819,7022232,6905721,6912956,6815476,1
1815,15,22581716,21838531,21876202,22095507,8742692,9497663,8957056,9553706,9217320,8808264,8371933,1
1815,16,50228229,41545370,41097566,50827768,28129232,27003700,28237021,31579575,27871511,27102944,27259906,1
1815,17,20387727,20489963,20318522,20058574,7052406,7125048,7059518,7222639,7001470,7257348,6824709,1
1815,18,20126357,20086873,20047368,20021307,7032839,6689497,7314732,7326665,6604618,6872526,6721085,1
1815,19,20282059,19929001,20097680,20032623,6957738,6723388,7298551,7161745,6745102,6634937,6647261,1
1815,20,24628739,24109777,24056925,24404572,11252662,10699891,10943855,10968054,10679128,10621583,10431195,1
1815,21,21829555,21405608,21511053,21680838,8400818,8175048,8520306,9172681,10398303,8303060,8043586,1
1947,1,81553457,80557393,79642642,104845520,249508861,207949343,228677845,273383641,77464731,77491088,79948032,127
1947,2,40817930,39981508,39625786,43874363,32870496,32002171,33983712,34110567,31692942,31344854,32143357,132
1947,3,27621813,26112424,27393737,28473156,18582546,17114931,18045299,17783164,17192281,17770464,17909381,186
1947,4,25119119,25500961,27373270,27722246,15777614,16130891,16456156,16646708,17524465,16360533,16882335,172
1947,5,26069834,25957415,25892632,30291246,17391988,17858519,18090602,17817035,20979426,17186707,17947181,186
1947,6,33297625,33593385,33597667,37928367,30563746,30036402,30441639,28612515,33016191,31396678,31613620,356
1947,7,28608417,28843837,33790829,32514750,26979297,26055615,25211787,25732229,28241493,27516619,28000255,370
2055,1,140163962,135110588,135783274,145224294,366174403,452856598,419928687,378352161,285366780,255198252,260218324,4312
2060,1,138491710,236561888,236486198,132643475,373152942,398599887,348514002,335889727,241490020,243516043,236313369,76
2060,2,46032820,43675629,45518756,42375159,31594389,31440914,47656232,33153399,31726725,31617473,30993271,26
2060,3,29534681,29791635,29944576,28078042,16292205,17003837,30828802,17492484,17743718,18341064,18387151,52
2060,4,34444765,28075362,31617380,28228887,30758824,30581831,30421888,16302465,15601745,20732637,15410563,50
2060,5,36391834,34602454,33710716,36190324,40698395,38465114,35918993,38056034,22759392,23058257,22620034,31
2060,6,30113209,26477608,26761504,25941943,29743687,30382867,28632218,30758327,15057966,14348378,13610888,31
2060,7,26273726,25900716,25979600,26140035,15761897,16177497,16881235,17139653,15547586,15743348,15147675,97
2060,8,31638476,30006172,30095102,29029429,19799730,20207953,20901267,20201629,19844046,20283056,21053812,113
2060,9,38500034,36362869,36429321,36087494,24318365,26668739,24230039,25086063,27125665,25396685,25513774,48
2060,10,60386886,55992594,56386549,58695170,46763390,46605209,46678195,50476095,48463227,47389771,47661054,49
2060,11,29381991,26761640,26655815,29683843,14128107,14993910,14922931,14250260,14995900,15131636,13766491,49
2060,12,32902601,26524802,26206465,27624724,14532751,13947228,13748924,13855841,15024473,14494709,14034109,48
2060,13,26979125,25054246,24705293,25199922,12353268,12307496,12890936,12606928,13019936,12510453,12167719,31
2060,14,25463514,25794882,24208295,24117568,11451415,11249971,11977028,11239463,12929189,12234044,11533539,35
2060,15,25133950,24619100,23979394,24256267,11352275,12728718,11516370,11167276,11746392,11749804,11324191,31
2060,16,27389071,30809668,26639867,30164403,12677196,14337227,14572402,12823945,18542718,14499470,14004966,43
2060,17,28402247,27406845,30577618,26464435,12817511,14823281,14313276,13929521,14805447,14912636,13046261,43
2060,18,26311504,27658927,25551574,28186916,13472711,13459469,13295762,13317780,16394768,13791911,13255980,42
2060,19,34732999,30353212,29825150,34084955,17986872,21965581,18652260,18045422,19777138,18908849,18436716,55
2060,20,27334408,26924129,26283614,28202572,14822410,15193317,15582116,14783628,15500229,14915971,15184848,54
2060,21,25015725,25254456,24405640,25276121,12347488,12042858,12585487,12005638,12991904,12716570,12674125,39
2060,22,32461505,33025089,33648990,34796996,22298271,21290655,21305778,21351733,24019640,21255252,23149060,49
2060,23,33116475,33180965,37542911,33886305,20193872,20545524,20918345,19583590,21897146,20594269,22675411,49
2060,24,27344858,25986721,27755875,27206671,15350758,18171355,14815138,13574702,13971506,14069649,14159525,49
2060,25,35037422,32390645,32713811,33352363,21448593,20576860,20577313,20516543,21671496,20682876,22133488,51
2060,26,29292889,26994566,28445439,26453893,16090547,17289696,16339990,15158114,17369568,16031635,16455401,52
2060,27,28617451,26423016,26930943,27465522,15754529,14839365,15299950,15306850,15637337,15844338,14662316,52
2060,28,28983603,26362216,28871414,25249644,14561600,13094826,15286946,13355863,15459518,14012737,13551921,52
2060,29,40531153,37306722,36386074,38694077,28454790,29209789,29662529,30176447,30180649,29913294,29846388,172
2060,30,32929281,30692303,30658465,30451750,24600596,22930969,25032809,24014310,23815368,23595460,24746786,198
2060,31,28047024,26969332,27092832,27119120,15577893,14915312,16347886,16752780,16128324,16061058,16097920,95
2060,32,26346548,24138905,25532316,24606619,14084294,14222593,14769530,14692913,15155548,15697865,15178331,119
2060,33,26299181,24109088,24933946,25323117,14598446,15173503,15294343,15625364,16128165,15098209,14958112,117
2060,34,33108514,33788817,32698322,32650090,24883257,24657914,24699345,26089827,27816644,25654550,26114645,251
2060,35,53194775,50510268,50343495,49915914,56700528,56076327,56250710,60715958,60092549,57882256,58560280,687
2060,36,461265578,456282984,453812547,466960685,447289612,430752658,433068861,469929833,438661321,440762257,445799294,54
2060,37,86523673,87597610,87528614,89652577,77691303,76514668,76893861,79478153,79126322,78596070,77646033,86
2060,38,27971039,26941601,25403751,29664932,15479800,15094652,15214908,17206052,15995382,16548099,16052948,93
2060,39,27022858,26054638,25068129,28017468,13464216,13559514,13011137,15064740,14208877,13375227,14777318,49
2060,40,28757930,27015683,25556584,30094886,14137340,15481074,14344269,15660085,14559773,14486774,15182719,62
2060,41,30774069,29627296,28169388,31817577,19221760,19825161,19462668,20374737,20923419,20406699,21021303,115
2063,1,660792074,646047145,650449774,681992369,873258964,912748443,941299060,885963709,736876245,730581982,711779177,2343
2096,1,123536831,121255396,121008974,121332493,253552587,318253964,244385213,276274854,129749073,127732282,126663524,247
2096,2,55793746,55264044,55278873,54360826,59532366,60154330,55593400,59124989,44605948,42600343,44214273,36
2096,3,47714141,45154924,46930105,45992980,49457910,47604298,50217637,48570690,39750129,34266751,33676420,24
2096,4,25682511,27089361,25290658,24795179,26811502,26228746,26878890,26254998,13054577,13026341,13589478,26
2096,5,26153975,26264052,25385068,25718425,31406944,29948379,30193791,29403934,15442961,15286229,15414487,94
2096,6,42333193,41171714,42421990,42253652,54112258,50858214,52050305,52455634,38016476,37606960,37156380,213
2096,7,33161926,33162940,31721044,33123829,40053550,38674484,41513927,39433096,27365096,25765001,25918357,210
2096,8,31055122,29938692,30182431,40613589,35749098,35820133,36444017,36606440,23160134,22034435,23325614,174
2096,9,30024878,29677206,29032771,44230466,40766080,37529530,38324911,37313666,24197555,23106252,24246562,214
2096,10,28479013,43602070,26578919,30377877,31963428,38214770,33060913,32460777,19315740,19101641,19185011,133
2096,11,26772053,31403462,32714332,29586545,32590222,32653205,32717313,36966299,19238621,17455909,17398700,127
2117,1,79887801,78000910,77080379,78120144,191659128,273024319,237380075,194142145,72849175,76022800,76898208,15
2117,2,46764889,50860631,48459419,48280041,47169927,49035896,52148192,34308383,35360570,34393606,32500309,14
2117,3,47633575,48723635,49993817,48220302,39495536,39401563,41460157,42569500,40624713,41050994,39186065,168
2117,4,82230427,81961789,85990776,83403483,85599670,86456626,79037963,82513548,81559364,82767634,86296824,405
2117,5,64646470,62314756,37640459,41767746,35571258,35740959,34898238,36547641,38224049,41212036,35941280,371
2118,1,80377291,80398484,79932814,79676141,282861857,235760684,281726284,269569208,76302739,80882396,90106072,47
2118,2,49414988,51542024,50362420,50005715,38890930,37897058,36663643,38353247,37943371,37676042,40964595,46
2118,3,30299065,31153091,30242302,29854407,17304514,17986575,17302492,17011428,16862617,18518111,18302099,38
2118,4,27353027,27988669,26833659,27727754,14573754,13590943,13899582,14321979,15591147,14354136,14562365,46
2118,5,24526872,25754044,24352274,24984567,12340041,11625671,12578539,12083789,13255380,13242203,13563236,46
2118,6,26875175,26865852,27142029,26914557,14521276,14216375,14439176,14731310,14528281,15030138,16281770,58
2119,1,133401754,131626960,130354969,135659089,259356781,342648622,284974399,315390230,138107801,133443356,136126283,208
2119,2,65260078,65113481,66307328,69198881,62861712,60031146,61878708,62269510,64212546,62061584,63473806,297
2121,1,84463936,83670964,82774243,84551921,226274705,201639059,284905212,288668882,89689250,86080138,86942188,132
2121,2,55375088,55405658,54793684,55403514,59842328,44767735,46090508,61670782,47230868,45633439,45206854,143
2121,3,33010139,32605982,32616359,32647106,22456159,22844585,23028660,24009602,25561479,22043919,23397454,151
2121,4,36660000,38898600,31591379,33204518,22405262,23048688,40362115,22153518,27970408,22715465,22105073,159
2121,5,39641361,44781283,38967734,40799068,29674973,30329245,30531798,28155868,32902431,32360460,28259980,139
2121,6,35111399,38612549,36654262,36550903,22809921,26706911,23583710,27380670,24826601,22627601,26930743,128
2121,7,42520197,41082194,40994241,45461307,27791284,27939602,28209553,28150646,31507531,29551631,26975186,1
2121,8,37771069,37386351,37754189,46092501,28152091,32135978,30208272,28441091,31073841,31315057,27897242,106
2121,9,58500964,56963308,58180950,64623286,49885788,53040565,52173337,50578949,56083661,51808894,49625295,185
2121,10,40627908,40393931,39873505,43926569,31115302,32323248,33868427,32302045,34785504,31730390,31049777,163
2121,11,29177483,27948666,27852319,30401577,19431765,18976826,17878269,18190519,19052785,20551197,18083795,121
2121,12,29360501,27056159,28445166,26960615,19130846,17064537,17310739,16630504,16091771,17546832,21810707,101
2121,13,28311241,27244741,28812669,27841235,22326638,16370565,16704904,16824188,17006653,23299601,22036596,101
2121,14,26897463,26720842,26621301,26593653,16971335,16897027,16540043,15970704,16432218,18026370,20703587,103
2121,15,26935979,26826241,26446655,27334824,16031471,16268789,16374668,16752818,18066286,16994970,15575784,103
2121,16,52307754,51863907,62556367,53041065,57294634,56672632,55614473,58587894,63928709,58384159,56214603,553
2121,17,53238776,52382814,51115708,51910361,59495039,54337543,56064462,60705469,63281929,62071456,59111668,521
2122,1,415628297,395151775,393593295,394152472,555128437,559021396,538208210,543470768,391439119,384625811,392562680,95
2122,2,40317455,34140093,34375318,36094705,38608605,42395892,38194795,37327620,24538808,24618695,23283806,136
2122,3,41181377,38623033,43547826,38027181,28110813,29123396,28617380,33283716,29855557,28284950,27336734,92
2122,4,28008046,29725549,33814726,25187088,14330061,19709007,20344803,15610668,15573708,14602801,14704958,92
2122,5,27285552,24452850,24576816,26561874,14434548,13494372,18469870,14144372,13708017,13852430,14118868,94
2122,6,30942094,24725645,29583469,30824623,18916723,13395936,13951087,13479698,14081545,13346208,14386978,94
2122,7,25898734,25016879,24839734,26465201,15364680,19374785,14864345,21080917,15366790,15426582,16039721,134
2122,8,26175966,24292508,30221781,24721861,15705734,15407673,15258616,16127394,14839407,15204785,15933902,134
2122,9,26449817,25377154,24672994,24365871,13866717,13640720,13515971,13350268,13875828,13978325,13656247,94
2122,10,35047854,32676854,34044323,33828588,22977691,22680887,24420835,23130034,23186865,22747655,24107244,94
2122,11,47892290,46790362,47115986,47294827,37569128,39589987,40886065,39225455,39493994,36456262,37417290,99
2122,12,34054442,32931630,32906059,32291672,23239667,22387149,24587683,22623796,25258983,22221266,23205092,125
2122,13,26204611,23095580,23079263,23551806,10070213,10097811,9814671,10442137,11066897,9749939,10187539,1
2122,14,36311660,28171560,28743936,29470932,16855944,20362731,18622182,17938839,18901876,17300977,18565625,96
2122,15,24889206,21864815,21965212,22220928,8754995,8728724,9060434,9048811,9031833,8892470,9044412,1
2122,16,31020120,26042930,27176288,27208503,15843136,15472290,17133419,20553063,20543747,15718944,15890960,94
2122,17,23743213,20872116,21505707,22740361,8150432,8000620,8292264,8072151,8285348,8251630,8518197,1
2122,18,33506120,30381817,27424045,28567413,16584988,14739018,20575907,16963523,14840984,15242127,15600255,86
2122,19,30621184,25279552,24408100,25475914,30040165,13439797,14087614,14009695,13757557,14012697,14740173,92
2122,20,27083639,25812728,26247479,30139729,31293953,19705561,15686872,16623641,16282921,15096362,16358727,96
2122,21,32040459,30089264,34904896,30550466,37487571,20682152,20200791,20015202,19778443,19688167,20770418,96
2122,22,28425726,27944684,28057222,36240507,33694085,17219274,17649407,18563538,17526060,16769309,17954312,96
2122,23,31681230,29071676,27495669,30315061,32086944,16217804,16339125,16077250,15610080,15613427,16406319,102
2122,24,25717846,27768098,25377041,28331144,31280236,15775348,16284231,16101712,15883558,16157617,15860917,104
2122,25,25598350,26990061,25973806,28323103,32842047,15064771,14925791,15003868,16253729,16642510,16308589,104
2122,26,27754024,26027291,26071941,27735505,30751331,14714986,14996283,15187121,17757162,15383768,16059630,104
2122,27,26827278,26070833,25780500,29557449,30084478,14483622,15347078,15877968,15954544,15369269,15336323,104
2122,28,27003157,27131925,30766008,27007894,35496613,15326189,15783553,20667924,16403256,16016803,16039136,98
2122,29,27671370,26849938,25959720,28078603,30448122,14723519,15014034,15220997,15965618,19606655,16023474,92
2122,30,26015151,30463948,27192979,28792903,29573992,15112519,15290006,15671885,15982273,16284482,16379154,100
2122,31,24340433,30620011,30071269,29888358,33623649,18495689,13722667,13556502,14472601,19140143,14121258,92
2122,32,30707970,24979694,24937490,25441094,27337799,13512989,13344607,13093303,14026425,13552528,13857385,92
2122,33,25621627,25377992,26312584,26392416,28763025,14234525,15340537,14586690,15198230,15308678,16519913,92
2122,34,26205352,26615379,26019984,24920452,28077507,14581528,14708006,13453723,15334562,14957779,15681271,92
2122,35,29067837,24278216,24565364,29025003,32147638,13549174,13976037,13533325,20192419,13634986,13856796,92
2122,36,32354981,25376118,29557210,25848283,32370178,13409360,14353794,13547939,15962738,14818232,15023852,92
2122,37,31019279,30073050,28979412,27928961,31499544,18323127,17511119,18230468,20100728,19286142,19668813,106
2122,38,28720454,24573285,25429690,24367508,28183662,14628045,15646172,15217096,16225516,15457780,15905899,106
2122,39,36085509,28421508,27034488,26616407,29928310,20321367,20557968,15775594,17197753,21097286,17098481,112
2122,40,32957688,24332781,25622551,24653107,13501661,13894155,14295010,13915594,15287162,14101095,14204456,96
2122,41,31542660,28220579,27824067,28142490,30093925,21972783,16412310,22367878,21342491,14945030,14731005,88
2122,42,34573685,26633390,27025239,26199768,29629516,16936103,16649166,16796023,20449202,15162648,15252358,98
2122,43,26577898,24248177,24747709,25452219,28337574,14562040,14461268,13782165,15721713,19286621,19318238,100
2122,44,35258511,33831241,34231632,36644507,36999525,30494908,28789356,24868550,30847676,24682662,24483159,106
2122,45,31520104,29142619,26692180,27228417,32705772,17532476,17300296,17037177,18578294,17771344,17683204,106
2122,46,31757871,26343038,27207717,27382526,30480311,17745563,15900529,16442679,17169438,16795979,16862046,110
2122,47,25547460,32240938,25361065,31340499,33688560,19565770,14903354,14487200,15159960,14889650,14577355,110
2122,48,33638878,32591613,30742794,33345401,20534750,22025023,20917244,21721723,20926343,22019252,21247933,121
2122,49,34281739,30802791,34115669,31039653,19016479,24406078,18744676,19128146,19132948,18770983,18335813,88
2122,50,27537251,24388100,24292524,24571705,13344362,13147382,12964732,13206158,13515387,18483301,13109701,88
2122,51,25872109,23788428,24684637,23828160,12717052,13320873,13696761,13063102,13527936,13755726,13616964,96
2122,52,26179242,28993278,28879560,23979367,13212131,13913322,13248035,13986310,13878350,14535697,18536737,100
2122,53,26600306,28837675,30302101,29557071,17936176,13465215,14330389,13960682,14706288,13893199,14609361,98
2122,54,26435182,23956110,24947317,24209172,12804637,13950312,14661993,15819000,13255234,13572332,14040486,92
2122,55,62990294,50735925,53093826,56478042,42032551,45146243,43458647,49294204,46126066,42837549,44199906,88
2122,56,29228777,29871237,31269105,26330019,15446226,20971418,15853187,16324710,16538516,15182360,15968238,94
2122,57,31203164,31903480,26423665,28646371,15221866,16227842,16560460,15625919,15650270,17453029,17573183,105
2122,58,35491135,27742789,26516364,27162522,15923950,16739772,16105763,16268927,16865750,16487003,18008363,105
2122,59,36008788,26448521,27284212,26906265,16805117,16302813,17560889,16408651,16676875,17327078,16880621,142
2122,60,32116256,28423340,28991496,35650399,19060709,20439646,19400200,20597393,20273943,21211759,20211769,144
2122,61,38575145,40749802,39161509,34996030,25309566,24825324,29020718,25152284,30670899,26525888,25374268,128
2122,62,41611728,38755322,38842690,41066911,36560361,37439944,36793599,41116667,39650033,37973031,39713493,441
2122,63,33214637,31409540,31401628,36980661,17747510,18367021,18128278,18437838,18872942,18612633,18075009,1
2122,64,28905985,28460558,28417018,29420982,35102194,36570162,35436206,35441899,39520967,38382935,37402740,782
2122,65,466349075,439247313,441189795,447960607,422953681,435024676,428572708,436008318,452132907,436960900,432414401,125
2122,66,39690880,35836163,35750718,37284066,31980179,31387390,31288817,34889623,34203436,34701607,35447407,357
2122,67,32862757,36667291,31865633,39419026,44789976,45671049,45234675,47172016,52844078,44223487,44147308,876
2122,68,33349911,30800240,30606586,42275285,39971409,46505224,39259816,47727390,49189959,48297967,45194073,890
2122,69,35522853,33910225,33123847,38262697,43563216,43584913,43282135,44979089,46577881,45810218,48017767,904
2122,70,30192390,28528065,28600810,30346031,22420785,22991464,22749050,22565600,24111013,24316378,24305584,287
2122,71,29896607,27244356,27134346,28517780,21577782,21899682,20803614,21265919,23515910,22338509,25024537,301
2122,72,31984943,29996540,29299643,30893722,23553334,24808090,25100496,23342582,25934555,26064716,26166968,315
2122,73,29979615,28754007,27884960,28885878,22347826,21805474,22059947,22608341,23867334,22676884,25658224,316
2122,74,29823041,27362714,28838028,31410931,24232304,23267287,23801631,24167162,23934209,24446605,26561816,330
2122,75,32952926,29394794,30064981,31363869,25080988,25143178,25583129,25992447,27281907,26277268,27401488,344
2122,76,34617974,29251656,30182334,30150311,14880464,19465382,19738034,13366957,15861578,18686808,14028850,93
2122,77,32685880,26469428,31371319,32493673,15840912,15459572,16213058,16063965,27400619,15723830,16465528,88
2122,78,27342817,24404186,24622397,31339897,18300332,13005472,13125352,13628977,20081838,13753376,14401696,94
2122,79,29255737,28737253,24632045,24827294,13795419,13442525,13830422,15157309,14651016,19185230,15031857,106
2122,80,32301308,24581594,28840426,24750258,13692490,13341511,19912074,14182723,19100791,20169593,14579216,106
2122,81,30577532,25840810,27203280,25735518,16085315,16537183,21042459,16429180,16454374,17077209,17870547,142
2122,82,27602496,26592442,27704594,26645700,17063973,17166477,17458351,17897897,18735478,23096634,18438445,144
2122,83,35472285,37786461,38278968,38629312,27888166,23095044,28237245,27515102,23614724,28216972,23831498,128
2122,84,29676292,28156525,28303027,29341232,23555768,17691158,21875643,16427141,17455692,17362287,17460244,103
2122,85,26220509,25824248,25559598,27382908,23749327,23813991,24557549,25536783,25859444,26254962,26135244,441
2122,86,28113957,27554296,27637250,29547428,26799526,26899116,26547997,27561277,33762687,28268474,28657785,441
2122,87,23959615,23971338,23791760,24896370,11277995,10481730,11037071,10763774,11670119,10883866,11169927,1
2122,88,27774068,27171017,28110454,28435362,34625930,35205299,35986304,35979243,39184223,38279249,38869939,782
2122,89,440126526,427345470,430556268,432081091,434687648,434868441,430106961,445120504,453448283,443879653,439894229,776
2122,90,36431769,4032839388,3993312955,42535669,31168074,32014470,30883189,25089715,28382167,25774042,25203770,119
2122,91,33526658,32929179,39353239,39138178,26992904,27362082,31308893,29916538,34443121,31407501,32377328,258
2122,92,29818276,30172091,32457505,30863501,23999475,24016777,21239023,22407379,24826895,23736503,23178134,216
2122,93,28350474,28238428,34169310,29774041,22966852,22048861,27545299,24132847,28131697,23715160,23895526,320
2122,94,28287283,27766850,29160104,28665492,24815869,29758690,24967820,26255249,34388381,26303550,28517387,420
2122,95,28384334,32300164,32501842,34434831,23167019,19482792,20007640,24202798,21680354,24574974,19820898,211
2122,96,32957884,31698793,31291740,33961081,22953375,24248609,30272264,25082635,28003443,24888820,24777520,200
2122,97,133232130,127627360,133052208,128975838,117776684,124230691,121713772,125677088,132752565,124611513,124629695,304
2122,98,44635949,45927125,41380604,41063933,36216012,39626852,43182973,40599207,45534909,39617251,40643258,404
2122,99,48356262,46650516,51680030,46487769,41745381,43514661,48881450,46265777,48092003,44408068,43454986,370
2122,100,37306666,32955661,33654504,33848956,36970970,38025964,36904157,37943012,43967164,38322358,39852539,642
2122,101,34161978,29202043,34035628,29500842,28184363,26862810,29100077,32082143,35382258,34249691,30327812,438
2122,102,38193072,35428512,35627036,36383669,22901565,23985886,23556450,23766161,26130725,23156777,28603600,24
2122,103,22455256,21392806,20531395,21326593,8090471,7506481,7777510,7633054,9125505,7689873,8601188,1
2122,104,24218616,23877448,23625131,23516446,10945975,10638516,11627558,11617345,12355014,10582219,11747252,36
2122,105,24381127,23622040,22880487,23451324,11187825,10855593,11539757,11330724,12350151,11458753,12627281,44
2122,106,26182815,28384839,23919016,23799863,12064445,10784593,11587246,10955287,11748600,11354927,11501817,32
2122,107,27055667,24570131,27310692,24709831,13337957,12978396,12577601,13392467,13026376,13295811,13842713,46
2122,108,26885417,23905840,23900504,24137347,10969690,11387492,11337040,11522826,12358174,11404987,11358006,28
2122,109,33934603,25104504,25071603,30826144,20690191,15987170,15289980,16592350,15799985,17253549,20677700,130
2122,110,27800585,24602767,29233440,30424002,14477291,14430233,14271542,19450637,14482891,20315698,19261901,112
2122,111,28639348,25610410,26352332,25371940,12121717,12821962,13353278,12593035,12715853,12915432,12015387,40
2122,112,45798348,41733733,41459682,41474781,51168721,50237538,50123054,50846081,51747546,52027049,52132971,834
2122,113,27999941,28470916,27145749,27568716,14592427,15320635,15731380,15196423,15742975,14956215,14296976,12
2122,114,28209190,24713019,25283185,23502306,12487180,11101768,12677679,11356166,13344721,12280065,11983679,38
2122,115,23983201,23993060,24188934,23545410,11014206,11096697,11480235,12679054,12512112,11487569,12405031,40
2122,116,28010732,24384529,29211131,23455840,11754493,11581618,12644893,12158198,12271101,12432164,12022337,40
2122,117,25327321,29247199,25149383,25605076,14693238,13793664,15461299,14244715,14928898,14688696,14811554,110
2122,118,26588792,26033655,27720447,25977723,16508328,16389432,16239901,16552909,15842484,16782007,16656858,138
2122,119,32289385,30913146,31196960,28818282,21022067,20903237,20057763,25397270,21318135,21035188,21489289,112
2122,120,27882089,29980539,24758145,24085235,12454625,16750927,13554306,12633872,14461907,12934483,13535444,52
2122,121,320353185,296965711,304290455,306106934,289084882,292510658,292984975,295980689,313556476,295161823,294627706,110
2122,122,30704389,27243158,26837041,27384848,22541246,22590725,24358376,23710856,25360167,24932089,22904293,369
2122,123,27380082,25831993,25366670,25693582,16364277,16664266,15739822,16158086,16475145,16583683,15699794,130
2122,124,27731458,26393544,27028510,26729684,18069703,17130925,19268909,17990368,18280329,19256348,18781907,144
2122,125,25516249,25050346,25399551,25359073,14041469,14006345,14135647,14377449,14796643,13371288,14268223,76
2147,1,85660118,78280077,77388500,77957203,190842283,208635217,233324713,245676257,72938325,73369335,75780169,15
2147,2,44523711,40549071,40251028,40804495,28647434,26659124,27874052,28164175,27686994,27707430,28284229,14
2147,3,26140371,23988333,23692009,24321639,12054039,10236283,11123010,11763645,10397828,11212341,12604155,14
2147,4,25548905,23716998,24712367,24982310,11077811,11347744,10702804,11081481,11885829,10302130,11138311,14
2149,1,125352121,120860550,117250712,121086816,315463283,290101647,331580844,239730185,124791333,120409361,121116851,249
2149,2,61892459,57845022,57945644,61037622,61569138,60641201,61470815,61800376,47147167,44902262,43370403,14
2149,3,43832723,36160577,37416259,41473340,43187693,41149874,29845107,31735089,29270826,29202437,27328118,184
2149,4,31657178,29908111,30075216,29767923,19447108,22039715,20911881,20473769,21078844,20556247,18904035,166
2149,5,38145260,37209608,36460470,39047602,28364636,28082368,28587237,26839077,31823395,28193633,26460654,153
2149,6,30440876,31988228,30174444,30505580,20942956,20195962,20917670,18810325,21859009,20015302,19561267,129
2149,7,33238709,32785644,32970239,33750104,28133610,27707267,27745600,27259677,28996586,28742458,27346514,314
2149,8,32124057,33234319,31205581,31361238,23658926,23206218,24511155,24207690,25123062,24390174,22264965,248
2149,9,32683454,31657288,29354136,29867501,14986254,14735573,15167847,14106236,16018323,16244067,14313598,14
2149,10,28879691,27418273,28259830,28038087,17711565,17392381,19114087,18054740,19505130,18849464,17899118,184
2149,11,27760304,27466426,27284513,27676256,18251915,19875359,21075564,19645630,20866552,18927541,19371765,204
2149,12,26391766,25824786,26023702,26238594,17498198,16499804,18680474,16386550,18040658,17159990,17282417,153
2149,13,27952493,25714168,25765115,25364026,16259208,14985242,16741916,15427495,15837594,16367194,16688763,129
2149,14,29281726,27079844,26778963,28237084,23147307,21307669,22592809,22009169,24862120,23531160,22804734,314
2149,15,26067797,25205033,25829973,25681695,17573510,15690191,17120539,16525875,20607091,17404722,15840012,124
2149,16,26569675,26853737,27307266,28004117,16865429,15845527,16350448,15823114,18390295,17719023,16626940,119
2149,17,24516116,25513705,24816105,24775129,14312021,13872652,15267866,14098023,16724944,15021664,14406692,118
2162,1,72734638,65981256,66178365,65471046,231534472,203873547,273426429,269938860,70101988,68358023,65740564,115
2174,1,73779985,71845861,70276693,71100966,197256077,203562660,252999472,201574530,68329352,69936646,66015441,35
2174,2,265408827,268786733,263776425,265302490,364099840,358249837,375751218,367605610,396987380,373776682,373580129,4076
2174,3,152520710,144354768,144064400,146453150,362232502,358474902,356448883,362694100,396162954,379577615,374466923,8133
2174,4,207958158,207275765,202984817,208924840,531407262,521324252,536569868,523869347,596115331,547860048,574703742,12188
2175,1,111075563,106376588,104878103,105054947,309901376,243175503,235653450,223227955,105886747,106530166,105786536,111
2175,2,62833214,60042935,60181705,59860809,61986487,61212732,61727291,63758524,50174888,47903768,47456298,50
2175,3,35479452,32943182,33297544,34955080,21997478,22445844,35289377,20925605,23139269,21672902,22453134,38
2175,4,33351752,34100499,32694042,34048174,29283266,30151871,30203242,29966576,34216939,32646607,30661740,337
2175,5,27038721,26912898,26259027,25838370,14090185,13664714,14557826,14398723,15967445,13325243,13898371,38
2175,6,31193377,29871370,29558953,29775198,16278112,16799167,16897908,16069035,18197864,15950661,20823876,19
2175,7,29611579,28580237,27453664,27646580,17684579,16986144,17702179,16140856,19109233,18186033,17999735,97
2175,8,255277303,246711195,244159827,254741450,1023851940,1021866936,1038775765,1037403095,1190497148,1081267464,1137548892,31124
2176,1,83004644,81749084,83985794,82493037,224754399,267579551,288094238,207283194,94937728,90245784,92205447,436
2176,2,93658767,93431902,89233237,90673007,93239354,88748808,84541147,90707187,90716545,86568855,89249926,274
2176,3,33333220,36487423,32697006,32871855,27437739,28904251,28408820,28084119,32699769,31163082,29109548,349
2176,4,74852535,68414429,73885227,66741762,73368311,76075344,74092025,75489496,70012463,79418377,70022112,419
2251,1,516145024,498619478,507509726,511315547,5730165566,5687547416,5744609515,5805534520,6185599151,6059971080,6281199012,200923
2251,2,360264986,348560143,341034254,360983803,1451934779,1446272851,1702952568,1486433074,1545847137,1528637876,1571518082,43520
2251,3,2940576932,2874938362,2891312678,2995137519,19287749434,19257784049,19236280023,19488459631,21356439856,20802330304,21203594448,632487
2251,4,596441056,597666376,599731053,610778316,2587828266,2567468036,2574188938,2604386008,2923414477,2830800014,2720263195,77678
2251,5,2787330029,2696573193,2714755763,2795037087,19487498161,18815511378,19209615530,19140424918,22683794744,20760160632,20560267451,632487
2251,6,2323533059,2268961890,2269568556,2348193284,16692734577,16308172881,16449130046,16168625442,19907830030,18027695251,18079546673,549211
2251,7,204627352,194170401,198852583,214399507,889957238,886712557,881052369,882265970,1104399691,963546258,1082443482,26721
2251,8,49733109,49332485,50562537,59599869,201362598,205139874,201900291,199511757,227844042,213301652,236969914,5714
2251,9,2227959166,2170196551,2148059650,2226011708,15746465404,15618706361,15417802018,15641310476,17830110951,16999795047,17205792666,518711
2251,10,980505475,976063065,960969853,989972787,6161688075,6058267767,6342298592,5916796939,6820678667,6578439679,6660286372,202150
2251,11,325525642,323122444,317228465,325211176,1482288155,1489033771,1476613002,1505980789,1653682229,1601418497,1593798948,44708
2251,12,3068900676,2964361530,2940594169,3001688057,20733505127,22051535390,20907367324,20781843471,23291593558,22474709048,23221230198,690275
2251,13,554549357,565230833,549005321,539010747,2581325737,2850418931,2619902280,2333593346,2835617274,2719202751,2712040828,78874
2251,14,2998712259,2938941853,2927851367,2991705559,20818075037,21584944829,21443334751,20861275039,23141169189,22394853233,22569494339,690275
2251,15,2538089825,2540638146,2529056371,2570758116,18368728265,18706206326,19465773719,18441905606,20196718660,20037529397,19950007630,606999
2251,16,166824185,163597434,178428711,164268153,564170782,562318433,590807439,573225176,615595334,605354091,611296285,15748
2251,17,56186965,67876563,69748055,56339425,238028526,243501257,238096897,246987741,256330250,252684140,265311978,6928
2254,1,151768018,144996659,146281892,148602545,280541752,313690323,310559043,338162367,151400012,145935394,147919865,211
2254,2,79120841,81933082,79519256,84459558,142743206,145003134,143272128,150645144,158357742,151069143,156245347,2852
2254,3,132821659,129465450,135274933,131954923,200979980,197369699,208861908,206503599,207462990,199868272,209285192,2878
2254,4,261942575,259661399,270555639,261786913,334278038,330321206,337869854,331722679,354673071,330484256,336945084,2884
2254,5,86638248,85915456,86434608,83886902,152054524,147238914,152696179,155535845,162678715,150566081,163154549,2848
2254,6,70314112,70450172,70118365,70474503,135206627,135195326,138281672,134957556,142306627,142254415,148320925,2860
2254,7,164916505,162824683,170806822,182692009,238184116,234689389,244387052,235560488,251936333,244204485,242308372,2900
2257,1,70980820,71831799,73790304,70589146,269071110,230702387,219431101,278738095,74976213,75941929,78915982,231
2257,2,140368437,140260160,141295189,139428089,184473659,186430251,186569116,185367617,191715036,186435540,192775985,2120
2257,3,106821057,107754952,106053197,107278829,149515730,150017844,156727068,157186403,155095057,155030137,171757372,2082
2257,4,176492299,175455182,174297973,177335467,224145139,222786680,223034687,229067398,227141202,222565277,229754949,2076
2257,5,304791619,315292659,315058436,314733189,350234139,353234562,360627735,358475408,363651448,363360151,366179910,2156
2257,6,303802845,312950094,312971279,314177595,358156661,359439878,362185545,360651578,353750054,359854449,363426276,2156
2257,7,182078618,182264885,180855985,183212461,230121793,229897852,231355922,228043890,234701934,230335236,235665122,2088
2259,1,309730913,306493958,300725469,303924936,536150993,532668882,553244098,526095482,422564186,413494552,415794980,4063
2259,2,85319054,78239554,85024844,84719255,192349881,182034426,200142659,193149985,184033399,182869681,195767593,4050
2259,3,432418321,418515766,416307582,420065469,636051366,632295074,634192949,638673279,652379806,639253856,658710506,8084
2259,4,1719651215,1689234215,1668590913,1751638871,2038365849,2022451697,2075962891,2047154269,2098698892,2061710854,2070723101,12136
2259,5,261378450,266315505,260014428,271169617,353976361,361922653,362781708,359341095,376347736,366777273,379217071,4097
2259,6,27438054,29041233,27851964,27206460,16458427,14394873,21012338,15664958,16803534,17636515,15975912,34
2259,7,250557724,256189249,247737356,256681832,352696057,352028054,355082703,351962733,363443087,364799847,367031269,4076
2259,8,148786489,148809248,146605312,149865170,362435247,366046851,360511446,357822259,370821399,392582266,379261690,8133
2259,9,208472801,204773740,203624317,212332294,530374786,517295228,542001805,530541540,551741297,573667435,551710027,12188
2263,1,120214059,118356114,118552237,120096238,437468761,498106990,440567444,477485927,332055229,344583159,335113965,7697
2263,2,579499559,559250894,581271068,580841274,992410393,1019855184,1017398112,1018905767,1092489643,1067202147,1062971687,17446
2263,3,57922959,62737343,57286832,58870431,87465375,87331193,90274870,88489003,88920640,94962726,96927060,1727
2263,4,106965394,67577234,111740838,108974670,108962966,103741914,103676979,109181351,114614566,110368211,110535480,1983
2263,5,418004697,404102965,419896999,422558868,633415945,640360585,642602786,656293559,673020901,679943451,655349377,9259
2263,6,628683613,611572897,615565735,609091220,1124095929,1121929068,1157111688,1140560220,1204256156,1212120525,1187446304,20059
2288,1,177199646,173310876,144214467,186665523,273796116,345232936,290872156,328425315,189364916,181875511,194051737,285
2288,2,379283439,386512106,329869458,397461118,338582189,577005972,342337812,330387808,589020194,590302134,620454156,778
2288,3,184966096,182224978,184109978,192592681,252878347,250433457,262704761,255853764,266106040,256877703,264189633,2736
2288,4,334480680,337882308,340074522,338298544,397024897,402715072,399849150,398547493,409253616,416064202,432032146,3280
2288,5,354020851,345111590,358490599,357906660,441707054,432082265,434993643,449791084,440870088,449628001,453946368,3612
2289,1,91373850,117713552,90354333,91634546,209570391,277041837,296205950,238544464,92829148,98967558,98705426,257
2289,2,44904989,49046252,43899028,43613116,43442056,42977318,42317495,44625664,44839621,45070190,45050738,420
2289,3,52659392,56033864,50155383,50520507,57918198,56807372,58694098,58193655,59723599,65199121,60198905,728
2289,4,42857351,47528414,43415147,47784058,49360063,48219065,53280016,47887673,50551090,55378941,50029353,728
2289,5,42888688,47972666,42408395,43479398,46386090,42366530,44011900,44680269,43591661,45359667,43483474,454
2289,6,32522940,39255319,31563458,32600000,41194102,41729847,46759654,41923446,44905375,46306821,44585112,878
2289,7,30874168,38298777,29226618,31015189,28513573,28166552,28074447,29135749,29400919,29600837,29317039,458
2289,8,34290699,40549886,33852501,36296216,41849361,39666434,43036575,41090855,41804303,42890155,42317152,726
2289,9,37689886,41038948,37305734,42843474,41618620,42676662,45955364,40922916,44147699,45329614,45592225,726
2289,10,32297329,33153940,31087049,31769181,29525147,30726110,33408945,29156523,33295815,30523310,31112278,444
2289,11,31080109,32050976,30131406,31901783,25424599,24134424,24884700,23895883,26969672,24851620,24390665,256
2289,12,27452487,26746023,26531743,27239837,25326401,23435413,26121928,25283616,24775558,26300266,25733925,420
2289,13,28914517,34270898,34529436,29471267,33637096,39664870,36098835,33597213,37985048,36867558,35801741,728
2289,14,30329031,32465227,30031426,29719272,34947233,34416982,36569801,40573808,38631921,38237751,35796125,728
2289,15,28019790,30925043,27667565,27612677,26666063,26790519,27566125,26076006,28232443,26842090,27952105,454
2289,16,34308052,31851796,29725970,29948263,40013101,39241929,38573024,39535492,43768023,40704429,41501525,878
2289,17,29432304,30592437,27893510,28638334,27829634,26287783,25681431,26877995,29473847,28771981,26667084,458
2289,18,34590932,35002683,33534073,33857157,40147413,40379892,38755209,38428101,42588860,41143524,41351074,726
2289,19,36189518,36831030,36377460,42531407,41554958,43210233,42124197,43792197,44173221,43327883,42735585,726
2289,20,32880880,30865795,31564031,33104761,28900927,30378690,29662744,30945904,30563082,30576633,29854369,444
2289,21,72921928,67512212,66733496,66781654,75430880,69578067,74280625,77021579,73586261,74988116,72724866,683
2289,22,56652726,57500595,58174023,58069811,65321428,64023186,64532519,61605109,64370039,66619577,63894211,717
2292,1,92835920,92481973,93579874,93292634,423543962,389375012,382936273,403372406,249056854,252908830,264748031,5813
2292,2,35813381,37281338,36832262,35996454,45368665,47310801,45617128,45961349,31926544,32079328,34706767,258
2292,3,32030925,34903216,31350478,31619441,63335435,63977317,63775004,65447237,51248535,51066683,53657192,1182
2292,4,45473572,47821116,46881583,45223715,193340480,193156111,192313275,191418976,199509904,199458634,205745039,5791
2292,5,39756395,41431378,38960445,38548032,47885217,47942277,50331363,46840449,34772739,35500618,35600619,264
2292,6,33325536,29657883,32501516,27494250,63963860,61653059,63472022,63684039,51734971,50579137,66032355,1182
2319,1,78881328,77168149,75932451,76562855,188639715,218639930,230915223,190899660,73901291,74940543,77894033,15
2319,2,32490895,34596902,32635158,33903642,21472790,21617561,21702785,23502509,21362427,20785233,20334010,18
2319,3,31213626,32545969,26787687,27654086,30795429,15310823,17154112,14742642,13910546,14240722,14330015,23
2319,4,29620491,29155273,29832812,28840147,17678547,16258821,17593219,16074039,15817578,16693213,16624496,23
2319,5,26562841,25259362,25536442,25353809,12490324,13053023,12211345,11769753,13592629,12993726,14065244,23
2319,6,25032481,24782207,25084212,25291667,11523185,11635191,11823392,12101243,11509955,11942403,12655081,23
2319,7,56168724,55658422,51038458,56169439,42838377,42906166,43961010,37707943,36495364,37386462,37518173,35
2319,8,35730322,39604477,35564006,36419130,25116273,28210921,27019965,23226265,28569011,24344972,24268708,35
2319,9,37913497,31722722,37289320,33467864,20821755,26128633,20826602,24600954,26085961,26734679,25560517,43
2319,10,26430194,24896938,24084817,25017577,11000481,15725618,11309028,11551361,11559094,12321248,12413196,18
2319,11,26819332,24102930,25998678,24881936,11634808,11494974,14321223,11907981,11536318,12471245,12092853,28
2319,12,25299697,24846980,25059826,25962010,12007831,12861495,12753761,12444839,12877218,12739514,12358755,18
2319,13,23293651,23124272,23814577,24565900,10297030,10260467,11060926,11722219,10503428,10570900,10951345,18
2319,14,24245496,23682710,24719387,24787512,10716112,10391510,11038771,11716394,10588378,10801645,10998715,18
2319,15,26048493,23335914,23395542,23927233,11948488,10331198,10546483,10767316,10726876,11265784,11411709,18
2319,16,54103581,51992890,52836697,53276203,44079544,43795927,45281117,41704409,42260977,43409256,44169142,70
2319,17,30502599,26144110,25904406,26747951,15570266,14860321,15067544,14877665,14950692,17206647,16309144,80
2319,18,24899072,30121518,25320673,25979458,13285457,13641890,14278213,14036558,14494514,15080194,14264018,70
2319,19,25590125,29354710,26807373,27248327,13463112,13885502,13935906,14053978,14804231,13960967,14280069,80
2319,20,23138720,23194259,26762824,24924294,10522492,10426306,10808111,10669201,11039167,11016599,10395135,18
2319,21,23019990,23166345,23961825,24373876,9779284,10368253,9953511,10103861,10027778,9816563,10510444,13
2319,22,24488175,23949480,26074754,24874930,10638056,10276043,10677338,12003236,10415857,11364446,10876670,18
2319,23,26625711,23022596,23669689,24257095,10541910,10681727,11334758,10929875,10798910,10676176,10879067,28
2319,24,25327891,24930371,25369324,25229624,10634009,10620991,11925356,10895127,10721114,11288148,11011403,26
2319,25,23700784,25312577,24463518,25259079,10339934,10808800,10954028,13353249,11224509,10580997,10750453,28
2319,26,24109589,24265596,23991119,24882818,10204701,11072379,11018697,11996509,11445015,9862739,11458230,18
2319,27,24874257,24432499,23623656,24920632,10838111,10881182,11847490,11530263,11885372,10419527,11210900,22
2319,28,25753763,26493558,26642405,27358084,13248951,12774835,13381365,13372323,13188224,12561980,13493722,11
2319,29,26076849,26239584,26301507,27814652,12718244,13891465,13294468,11492448,12863496,11993049,12646358,11
2319,30,26340264,30318137,25896225,29949189,11205816,12991290,11267783,12744262,12318264,12162665,12467289,15
2319,31,25106905,31333382,25125048,25318049,11400901,12290351,11744383,12411546,11442575,15345402,11865659,15
2319,32,26034370,26252974,25854171,25442303,11269710,10639063,11700539,11395495,11610921,11366801,13556643,11
2319,33,25056826,25578402,24006993,25245553,11024530,11432708,10907451,11345847,12173557,12014757,12364419,11
2319,34,26781370,23511882,25841809,25551674,11262566,11935917,11885211,11777026,11544003,10302106,11210539,15
2319,35,25043466,26089288,25133181,25857653,11642718,11678315,11050329,12461854,11154173,12088606,12741157,15
2319,36,25268961,28156097,26543031,29572354,13784939,14487899,15141471,15348266,14745695,14527097,15291500,47
2319,37,25318543,27374015,26798017,26431018,13565479,13700567,14782926,12616648,13168963,13598375,12560440,47
2319,38,25752696,26905930,26681054,25958918,12737850,14217547,12334105,13380173,13537293,13127483,12729643,44
2319,39,28238783,29104213,30550608,31030845,17306091,18086717,18697761,18286480,18061404,17341231,18367320,18
2319,40,31722405,31911807,31379777,31489175,16728743,18040585,17965057,17757631,18265286,17188669,17813424,18
2319,41,47173174,47349092,48137074,48914870,35684084,36526674,37958505,37482018,38099160,38836263,38730303,82
2319,42,24260687,24431179,24606952,25484365,10790542,10867961,10973893,11403980,10982879,10951546,11596834,18
2319,43,23651748,23663938,24820924,24476953,10518322,11318664,11235807,11288460,10927239,11225804,11607155,26
2319,44,47543273,47769641,47950760,48612563,36201710,37195314,37031603,38940215,36218075,37402382,39896180,70
2319,45,29082463,28026154,29136917,28025452,14866594,15125057,15948801,16080747,15151708,14563755,15937942,32
2319,46,38182977,37556098,38623416,40506167,29393991,29112078,31008175,31463058,30087007,29610424,31240036,181
2352,1,79105019,79564181,77501474,79226227,221467649,269985714,205110150,254109757,77562330,83273586,76272859,35
2352,2,47108586,47293970,46342905,46221428,32886574,32628924,33806385,33437402,33819960,35511123,34586943,34
2352,3,28662814,28396614,28076925,26363966,13110824,13626311,14395260,13641522,14131336,14508400,13676557,34
2352,4,25862215,29165992,28109724,26290478,13332576,13807426,13424943,13994864,13406306,14360009,15235650,34
2352,5,27655132,29638636,27834783,26894616,14694981,13982824,13733392,14815948,14058551,13338973,13153450,40
2352,6,31159805,31521581,29557676,28547694,15199544,15789119,16088126,15681396,16622309,17078258,16288981,40
2352,7,26271681,25020219,31854202,25602175,13169896,13081864,13443006,12210200,12550598,12843871,13172842,40
2352,8,26849697,25621260,24705769,25992190,12905305,12207312,12294241,12646881,11959171,13397925,13641781,40
2352,9,24944088,23664825,24493721,24064827,11939732,12811382,11582577,13387456,11463184,14070827,14340654,40
2352,10,25219928,25951004,24076092,25415134,12006793,11539531,12063463,13369279,12824344,12028135,12592322,40
2352,11,25527292,25299548,25488645,25554602,13343425,12932407,13264365,13971578,13007252,13483092,13670199,46
2352,12,26408257,24941492,23915973,24607601,13338657,12019516,11870225,11820381,12096146,13650980,12683400,40
2352,13,34045963,33752758,31645761,31950513,20573030,21338385,19628654,19862337,21519650,22463012,20651169,46
2352,14,26570651,25826035,26957212,25747772,12982530,13405710,13688988,16796361,13418720,14496739,13741124,46
2352,15,31211146,34242274,31682316,34283475,14958424,15660960,16237115,15753403,14644637,17851462,16457860,19
2352,16,25540658,25816559,26862782,29754220,12172477,12445074,13563064,16726062,17891693,12399913,12480488,19
2352,17,25765752,25574221,25195633,25721331,12695414,12387389,13105454,12219535,11285531,13349232,12942065,23
2352,18,25777090,29705404,26928927,26521547,12845204,11394090,13234562,12385991,12223584,12105936,16789504,23
2352,19,25539560,25254769,31868015,25787921,12822203,12376524,14066582,13119232,13178573,12495772,12722270,32
2352,20,27356157,26031908,25025128,26906270,13951271,14061702,13277113,13216443,13183611,11900441,13421176,46
2352,21,25696982,27566275,24461269,25440460,13564271,12503535,12761566,12959477,13539898,14213011,14583771,46
2352,22,33110924,28619696,28287104,27397201,15435393,13709045,15551045,15620135,14425008,15163761,14401923,32
2352,23,38779412,38960077,39052524,37968107,35151673,33419559,34554071,36247192,36093660,36236480,33886593,330
2352,24,28006235,30174087,29425228,28353828,23280766,23239837,25321978,23039243,25036849,26082842,24505331,330
2352,25,31420734,31689827,32849231,31413253,27655700,26864936,28386267,30240758,28320278,32872263,28634686,334
2352,26,31320815,29523639,30810278,30564569,26313895,25669564,26618564,28038198,27291949,29922610,35554247,334
2352,27,30993248,28999911,29277716,29322089,24485411,23670157,23518282,24048808,25294561,27339702,45473743,334
2352,28,29355725,28236905,29428127,29868978,24907868,23616772,25705676,23358459,24320732,26929144,29984364,334
2356,1,82017023,81085171,84272688,82977537,222392334,220147596,287303265,286920791,101731791,102837860,107474150,795
2356,2,87030850,88749637,87059129,97899833,88922461,88699141,86618992,89103429,75364985,75780340,84169447,1
2356,3,160645726,163872906,156767338,166834146,166880066,201385416,162675717,162372582,184685076,183479744,199667868,1
2356,4,571268277,554354449,567276301,568202749,761793428,759086600,778536973,757030942,820577664,779807547,800650484,8013
2371,1,68902733,68509770,69798196,68747544,220018374,221692020,219896400,262651109,65135748,66572563,67660616,31
2371,2,384419416,371565074,380316319,382520765,388346356,394017515,387791569,376519281,396759413,392227833,394273222,1040
2371,3,196483387,198886545,202836180,200904450,188312882,193856536,196842669,193839850,194118979,192834491,194659361,230
2371,4,127947057,128132528,128795345,126299861,167536636,166949883,167701758,165714406,173702974,167613487,175622701,1920
2371,5,339756651,330039438,320968823,326247974,384692488,389080174,402736438,390430001,383417743,392135796,406048742,2678
2371,6,168644158,157842396,167165688,157337235,202382143,204888818,209002056,208798968,208044335,210679624,222371412,2120
2371,7,107739666,108454290,111899442,109153412,150505591,148853914,166243409,153102647,159500579,153962238,161277237,2082
2371,8,180003303,174106277,180526649,178870714,215484256,219250098,232621468,223301448,232264978,225540697,268914083,2076
2371,9,304421174,303228374,319667605,314053673,350928538,349323831,366049012,348111723,354344526,365239750,364406276,2156
2371,10,312855296,312686233,316292780,313021908,350062667,358996441,363374089,360536559,358053566,365763401,354456381,2156
2371,11,184536489,182815224,186783309,186068746,228710679,223778645,228596579,235105093,236123469,234312104,242490630,2088
2372,1,70767320,68270360,68032199,71428997,219168601,185977036,222250430,204976769,66019837,69375098,67931416,31
2372,2,75973837,66588688,66847416,78164507,74402240,57627412,74966417,75338989,59208649,62525284,61512624,154
2372,3,311516414,304846973,312934467,313588005,313319517,349161469,332312837,310577969,352448845,305907082,314316241,464
2372,4,314077021,315154169,317170484,324433955,322598020,320370127,328175431,318739468,326868210,322898436,323363709,666
2372,5,308203670,321998457,308140057,331276740,321226348,328008601,341299616,319188230,333440776,320900949,335952576,868
2372,6,327087941,320657925,317377245,330341980,342890921,331890536,349831374,333525431,347406447,335337952,350873475,1070
2372,7,328037463,337316424,327330024,351825697,343669411,356261648,361542862,357654496,352988724,353530641,358315795,1272
2372,8,346177155,339557289,333774031,345308371,359407705,356921555,375026282,359258803,372988444,372352632,367228550,1474
2372,9,48485388,47658068,50973071,50577745,67999745,67804851,69944755,71721115,73895097,76075100,77717894,1276
2372,10,311358922,298782668,316065117,313537512,342834575,340460974,332323403,348041877,344219336,342216249,334139310,1584
2372,11,320915345,314431887,312924895,325240457,345550161,358823423,348871148,354680526,346096471,349815812,355112585,1774
2372,12,332074085,321116175,323839090,343611393,365790575,364281322,380473893,373546281,368513082,366928050,366953990,1976
2372,13,332075489,326351033,337371745,340467419,375576737,372832130,378148170,370466896,375806432,382361080,397282209,2178
2372,14,337844871,330573384,334668295,347699288,383080322,384885880,421906877,397002433,400214149,388288325,392508112,2380
2372,15,357176650,348429685,349934785,363119066,417041922,405687403,443869107,403510460,413275381,412149823,429519361,2582
2372,16,358976748,362707122,363763140,364750037,447564560,427861513,451650336,425267825,433535826,441556006,455261584,2784
2373,1,159066668,159795874,157654461,171559685,273761846,286872744,377311139,326916607,163407627,165630477,164895587,251
2373,2,348823023,363804391,364205352,375125117,380582671,389931963,393644291,391761402,382659904,382162630,373699211,1196
2373,3,379732542,381901099,374873814,417282869,413153919,406543158,422336412,418060334,413509095,408269240,422363736,1770
2373,4,456669281,453324690,455104057,462410621,497866170,499565773,519645367,484357897,512666743,495274691,497908462,2344
2373,5,444312905,428200154,435841302,458170418,504305014,490836640,550446712,538714620,501217455,510471443,502187553,2918
2373,6,447069324,460365475,445052642,491830549,538031480,541099658,578610200,546645563,535583671,532487215,549285725,3492
2373,7,512959344,535038840,496218775,514010238,599215050,596551658,612111747,601896772,606493646,610858877,630059116,4066
2373,8,179878253,176540997,177026160,187560569,246928419,245230020,256557170,244425675,249769564,245256362,252599187,2756
2373,9,343561832,338922874,341833990,342053060,433104590,431918339,455445949,423444200,430739825,441713026,439848587,3492
2373,10,373066166,370750684,378078924,378009932,474101579,487246022,506446436,485456380,493879525,493829414,498509826,4270
2373,11,407619017,409189441,402358768,415296584,523517285,525488866,532017937,524599028,550119120,540143684,543765941,4844
2373,12,456605733,451889852,443281931,462292478,587280649,568280393,596800924,592582446,594368835,595542261,610161248,5418
2373,13,493914961,481577548,488742190,485874627,633045763,637875156,650480119,641373545,663318741,649808962,657246727,5992
2373,14,510080555,509698927,505021511,523390299,683210265,671595277,696493160,685603577,702615739,685920815,715057560,6566
2373,15,603545769,559190933,575396299,616314270,789294866,775948086,753214823,789565686,801218187,793160098,765035021,7140
2377,1,102669787,101892369,100357134,101804439,446303802,408923638,405805183,442975935,256138907,261053111,263026596,5645
2377,2,349669142,351871764,358376014,357034257,598748589,539758162,554717704,523190654,558958352,565515746,570702416,7554
2377,3,361377196,367045021,363483694,371355733,601592381,583753236,625203455,596286921,636125704,636857855,639830865,9505
2377,4,385075260,385527608,386788766,395678249,685348972,669958504,728244655,666432005,721694233,718030702,739073034,11456
2377,5,422800175,413094557,413324298,437796127,797162947,750691230,934006192,783711717,845512528,790618655,863239594,13407
2377,6,442856198,446720167,441864908,465719256,825184410,831354781,900998317,825249240,911991873,848182568,883544148,15358
2377,7,451872133,480709322,465613109,467483439,907228158,883222488,968717295,879423751,1029884172,926430939,964132499,17309
2377,8,506638781,498466977,490017388,503562394,986223153,970982215,1011760774,982638379,1285112545,1014599213,1024011073,19260
2377,9,521836623,531369476,517813959,532599085,1066494866,1041812766,1070979063,1048733158,1200025045,1095522165,1109195325,21211
2377,10,558417812,561515406,553435368,567664559,1141033805,1127262456,1167007736,1158066017,1291034171,1185972655,1215420409,23162
2377,11,47815079,47371999,46691255,47853942,56970143,58300858,56584365,55458806,59825427,57884309,58867726,902
2377,12,351391464,355457880,354556995,356055851,369675479,378735109,379203744,366804142,380190871,375089259,382838331,2912
2377,13,351334447,353142420,343719280,350309920,462989687,449156704,460470403,465007133,472317169,473495239,504069341,4774
2377,14,406488517,402320056,402025317,408538622,571129939,563138650,599446033,572210677,593098230,571861199,603542524,6725
2377,15,465002024,477294118,460435136,448536062,676578259,659914471,674377241,675134153,765059420,690529281,725066124,8676
2377,16,527949561,525316780,522313791,517198666,780754053,784892356,823931950,789222768,818402088,815888672,886663190,10627
2377,17,655319704,647065691,652344045,657834136,987014259,964853826,987938722,975596160,1056644225,990110716,1042654603,12578
2377,18,1207230409,1201357717,1200869195,1211930517,1563082769,1551228992,1582440118,1577322775,1800173854,1627899586,1648138451,14529
2377,19,2416982812,2393024353,2388079753,2541229345,2828384384,2801968940,2899548748,2828287452,3040684658,2877086299,2914378042,16480
2377,20,6763326547,6802184429,6758647310,6760355925,7238536019,7221896726,7431308809,7304607272,7538007720,7273906609,7557546330,18431
2377,21,10376060245,10175277389,10142699077,10228679657,10910489436,10820103011,11089020941,10964425988,11199380502,10798480228,11262045382,20382
2394,1,51435537,52067569,51023771,51204105,203047687,240095510,204824104,203783688,48402184,46473267,47455146,2
2394,2,74381978,75289158,77644641,76461798,65158551,67593844,68200110,64765843,70932090,64935000,67780157,17
2394,3,26910325,27922887,26474499,26638590,14655465,16341604,15306756,16038500,16938746,15356445,15554811,29
2394,4,22904108,24388001,22936445,22256564,8631183,9132973,9090667,9811304,9136088,9414372,9123212,1
2394,5,24750005,24265026,24815524,24394156,11696726,11495845,11660127,11589344,12707870,12397531,12466564,22
2394,6,21126663,21578809,21914768,21782940,7391676,7970859,7994495,8366930,7986805,8050421,8058155,1
2394,7,22098482,21928644,22880697,22250298,8552725,8906706,9041873,8855357,9471659,9018017,9168789,1
2394,8,25345820,24981916,24931344,23868139,10433387,14043164,12451083,12187878,12410363,11345391,11835295,22
2394,9,24297948,23558086,23827961,23466261,10464130,11105832,13567179,10392051,11153179,10229820,10557502,11
2394,10,22844090,20732377,22104446,21541762,7706772,8782102,9127111,7801927,8136672,7863044,8234318,1
2395,1,39597490,39405950,39358842,39356460,182631986,204296773,155147761,186595028,33702839,32605032,31332995,2
2395,2,48500072,48649051,48058166,48651897,37936156,40783685,38129003,37770551,40117634,36674505,36334353,23
2395,3,26315825,26207623,25931904,27256203,13442596,13958993,12988528,13144760,14315162,13249627,12786334,1
2395,4,21955587,22518950,22538860,22126156,10284281,10214406,10223090,9613602,10644320,10591606,9591555,31
2395,5,28055594,26734232,25531037,27002691,12519635,13309406,12746612,13167600,13716056,12840149,13002234,1
2395,6,26342201,26737668,26221163,26552753,16569316,14005165,15934960,14581982,14951852,16021498,15178843,37
2395,7,23621655,22884080,23725023,21883822,9401837,8363250,8333418,8137681,8131801,9194205,9204399,1
2395,8,22126542,22700209,21482926,22044614,11029577,8993138,9636122,9690215,9836020,9586983,10019027,38
2395,9,23088619,22791337,24970709,24418509,9052427,9699496,8956648,9203513,9155182,8601570,9320614,1
2395,10,22796145,22861946,24364259,23490134,10967697,11349254,10745760,11795450,11167749,11038006,11412492,50
2395,11,50948120,49032430,50857834,51585887,37653474,42049552,39135969,38316420,39127441,38155285,39239015,1
2395,12,39737538,39898992,39851012,39690932,29864827,33044273,32187823,29683624,32030960,30030300,31015881,127
2395,13,27098112,23521022,23294893,23772822,10435647,10286748,10127796,10915167,10282114,9500707,10580636,1
2395,14,23093078,23177754,23770552,22781688,12852868,13281652,13671410,12663980,13991152,13255429,13742632,129
2395,15,23345375,26467579,25717703,23848662,10376197,10296800,9509882,9269302,10153034,9894160,9675358,1
2395,16,22635924,22611199,22883462,22432743,12611489,12638364,12956319,12537877,13160760,13584900,13077971,150
2395,17,32163077,32106878,33374799,33158279,18918585,19438746,18793103,19714955,18704159,19267159,18702283,1
2395,18,28276471,28439833,27849014,28096606,22714194,23555628,23359815,23813678,23989197,23771576,23959525,332
2395,19,23602703,24477293,24691383,24524220,9195800,9239086,9153674,9619985,9676891,9366073,9058961,1
2395,20,23214921,23199317,23434174,23167781,23910605,24672644,23881225,24993189,25377895,24805324,25176006,582
2395,21,28165436,28344773,29020628,28511009,14353780,14236486,14559778,14670475,15096132,15693155,14691952,1
2395,22,23751800,23563630,23337578,23695678,21006252,21507216,21691072,21995417,23345368,22221076,22637094,425
2395,23,22954732,22281711,22219220,23148088,8634535,8602010,9146715,8930427,9217882,9094820,9420541,1
2395,24,22596720,24395757,23351664,23883620,20201756,19623189,19888912,20848574,21649830,20100291,21396453,395
2395,25,24301074,25393862,25702097,23884894,9726841,10466327,10238069,11013471,10436967,10268639,9937835,1
2395,26,23232986,23720896,23133121,23065738,20445511,21933801,20603732,21703186,21270815,23016758,22149456,425
2395,27,22887511,23125369,21972415,22907326,8952918,9382713,9078120,9834101,8910185,9167250,9154449,1
2395,28,22552266,24429094,22811235,23090377,19690974,20684623,19753361,20934154,22804663,21706783,21153162,389
2395,29,23569000,23433903,22671695,23463269,10116631,10673188,9674496,10446149,9997639,10874030,10508511,1
2395,30,22198569,22901154,22057803,22760338,10710983,9962876,10174706,10685169,10148583,10692432,11177783,44
2395,31,23001888,23217928,22249110,22326735,8795472,8822854,8741451,9069118,8912315,8821637,9108094,1
2395,32,22113734,22418275,21550855,21801538,11117787,9433986,9829631,9784822,10383678,10091635,9648304,45
2395,33,27944869,26492718,27422486,27144339,13371186,13183960,12939334,14318522,13232792,13397168,13889183,1
2395,34,41714875,42274071,42100218,41959123,247953486,249610141,251401649,254180676,279596276,281304411,283570112,8949
2395,35,66952902,68359320,66583873,67125699,56060059,56067009,53771416,56049657,55638558,54930762,57138034,1
2395,36,55089741,58613864,55260902,57034037,385760486,384613350,410889039,389490188,416317655,434318770,417062837,13692
2395,37,133591755,136477590,133608592,134948464,124922877,118709458,123901197,121357072,122725198,122717375,124385584,1
2395,38,298173641,296950093,298591565,305956025,2382123831,2228315851,2270388990,2253449238,2485470251,2481675989,2412048923,77553
2395,39,18700790,18597050,20230382,20344031,12899195,12915443,12371691,13255637,12522616,12934370,14152826,1
2395,40,16231494,15872599,15294908,18354222,13595688,13150919,12566539,12938815,12577261,14226643,13959044,76
2395,41,14814911,14009941,13536656,16766729,9309629,8698395,8410539,8709491,9033473,9017440,8708684,1
2395,42,14399970,14443633,14008360,16510510,10618586,10259442,10448396,10894060,12705349,11163142,12707052,81
2395,43,16126537,16306665,16086519,18529818,10714324,10802071,10753357,10858779,11184754,10784816,11889517,1
2395,44,23832342,15769407,16054755,18406857,25412364,24418051,24870008,24700253,26491876,26899902,27304722,567
2395,45,22230005,14351099,14926426,16787809,9371510,9288482,8941971,8630959,9404113,9205259,9024926,1
2395,46,21805341,14437097,14642572,16322814,10713496,10121395,9747338,9738369,9938227,10270457,11492023,53
2395,47,23410532,16346285,15428698,17799925,9828209,10148822,9595540,9553582,10363544,10338966,9893906,1
2395,48,21721302,14263352,14184848,16622856,11240803,11694327,11276214,12314423,11157901,11334933,11524859,100
2395,49,23198849,15601233,15217297,17462672,9424923,9900410,9918703,9691718,9994617,10423962,9549048,1
2395,50,22443336,14888583,14822205,17363667,11781413,11849903,11757459,12688383,12640914,11812057,12053794,95
2395,51,22275003,14583632,15617020,16533461,9016612,9029162,9358632,8587754,9984814,9028391,9694881,1
2395,52,22071720,14300692,15112519,17135680,11590455,11606440,11564665,10726230,12471380,12002977,12151416,94
2395,53,24297391,14973193,15476329,17489020,9622867,10095387,9925397,8936191,9979173,9705269,9463081,1
2395,54,22518994,14128575,14676531,17637644,10934153,10710800,11036538,11017031,11264535,11323248,10946886,54
2414,1,966991481,948484211,953606139,962892469,8568814187,8231506919,8219754784,8194277838,9255019545,9026228293,9114066596,282468
2414,2,1005596691,995857005,999759054,1021332432,8387742497,8283956107,8276309715,8442581406,9468562054,9071297248,8987281791,284097
